Название файла (номер).html,Дата на странице,Нормированная дата (datetime)
0,"MONDAY, MAY 18, 2015",18.05.2015 23:20:00
1,"Oct 29, 2014",29.10.2014 00:00:00
2,"April 22, 2015",22.04.2015 00:00:00
3,07.08.2015 0:00:00,07.08.2015 00:00:00
4,"Saturday, November 30, 2013",30.11.2013 00:00:00
5,24.06.2015 0:00:00,24.06.2015 00:00:00
6,04.08.2015,04.08.2015 00:00:00
7,None,None
8,None,None
9,22.02.2015 0:00:00,22.02.2015 00:00:00
10,"April 26, 2014",26.04.2014 00:00:00
11,"Jul 31, 2014",31.07.2014 00:00:00
12,None,None
13,Monday 30 December 2013,30.12.2013 00:00:00
14,16.08.2015,16.08.2015 00:00:00
15,None,None
16,"Jun 14, 2014",14.06.2014 00:00:00
17,"June 03, 2014 at 02:40 PM",03.06.2014 14:40:00
18,14 октября 2014 г. 22:40 (ред. 14 октября 2014 г. 23:11),14.10.2015 22:40:00
19,None,None
20,08.03.2014 4:21:00,08.03.2014 04:21:00
21,"Dec 18, 2013",18.12.2013 00:00:00
22,01.06.2015 0:00:00,01.06.2015 00:00:00
23,None,None
24,None,None
25,Thu 06 March 2014,06.03.2014 00:00:00
26,15 сентября 2014 г. 15:57 (ред. 15 сентября 2014 г. 16:19),15.09.2014 15:57:00
27,"May 1, 2014",01.05.2014 00:00:00
28,28.11.2014 10:18:00,28.11.2014 10:18:00
29,None,None
30,Fri 10 January 2014,10.01.2014 00:00:00
31,None,None
32,"MARCH 25, 2014",25.03.2014 00:30:00
33,None,None
34,None,None
35,None,None
36,30.07.2015,30.07.2015 00:00:00
37,"March 9, 2015",09.03.2015 00:00:00
38,"April 16th, 2015",16.04.2015 00:00:00
39,18.07.2014,18.07.2014 00:00:00
40,None,None
41,"Oct 7, 2014",07.10.2014 00:00:00
42,10.01.2014 2:18:00,10.01.2014 2:18:00
43,"MONDAY, SEPTEMBER 22, 2014",22.09.2014 00:00:00
44,17 декабря 2013 в 16:38,17.12.2013 16:38:00
45,"Aug 25th, 2014",25.08.2014 00:00:00
46,"ПОНЕДЕЛЬНИК, 25 АВГУСТА 2014 Г.",25.08.2014 00:00:00
47,04 Tuesday Mar 2014,04.03.2014 00:00:00
48,18 окт. 2013 г.,18.10.2013 00:00:00
49,28.07.2015,28.07.2015 00:00:00
50,5 июня в 09:42,05.06.2015 9:42:00
51,"SUNDAY, 19 SEPTEMBER 2010",
52,"воскресенье, 26 апреля 2015 г.",
53,None,None
54,None,None
55,"Wednesday, Jun 10, 2015.",
56,None,
57,"Thursday, 9 January 2014",
58,None,
59,17 мая в 19:12,
60,21 декабря 2014 в 15:52,
61,"Thursday, November 27, 2014",
62,None,
63,"November 8, 2014",
64,"August 04, 2014",
65,"JANUARY 23, 2014",
66,None,
67,None,
68,"February 25, 2014",
69,Mon 13 July 2015,
70,None,
71,"Feb 10th, 2015",
72,Fri 06 March 2015,
73,None,
74,None,
75,04.12.2013,
76,"April 02, 2014 at 06:44",
77,"4th August, 2014",
78,"Saturday, September 20, 2014",
79,None,
80,None,
81,"Monday, 11 May 2015",
82,"Nov 10, 2014",
83,"Monday, September 15, 2014",
84,"March 20th, 2014",
85,None,
86,None,
87,None,
88,None,
89,21 ноября 2013 в 22:09,
90,None,
91,December 5th 2014,
92,"Jan 22nd, 2015",
93,"March 23, 2015",
94,"Feb 4, 2015",
95,None,
96,None,
97,"June 05, 2014",
98,"Apr 17th, 2015",
99,24.04.2014 15:20:00,
100,"DECEMBER 2, 2014",
101,"Tuesday, April 01, 2014",
102,None,
103,None,
104,None,
105,None,
106,"Sun, 16 Aug 2015 08:35:57 UTC",
107,4 мая 2015 г.,
108,None,
109,None,
110,None,
111,3 сентября 2014 в 09:47,
112,None,
113,"Feb 12, 2015",
114,25 August 2014,
115,"понедельник, января 19, 2015",
116,24.12.2013,
117,"May 30, 2014 16:17",
118,23 декабря 2014 в 13:00,
119,12.08.2015,
120,2014-08-06 @ 21:09:31,
121,14.08.2015,
122,16.08.2014 13:31:00,
123,None,
124,30 сентября 2014 г. 11:41 (ред. 30 сентября 2014 г. 14:42),
125,Saturday 30 May 2015,
126,None,
127,None,
128,"February 20, 2015",
129,9 ноября 2014 в 22:22,
130,17.07.2014,
131,None,
132,"Aug. 4, 2014",
133,"JULY 11, 2014",
134,2 июня 2014 в 16:04,
135,None,
136,"June 20, 2014",
137,5 августа в 19:38,
138,"Thursday, September 25, 2014",
139,15 августа 2015 г. 15:15 (ред. 15 августа 2015 г. 15:23),
140,None,
141,"February 25, 2015",
142,"Tuesday, June 09, 2015",
143,"July 5, 2014",
144,None,
145,None,
146,None,
147,Thu 30 July 2015,
148,None,
149,"MARCH 3, 2014",
150,Thu 04 September 2014,
151,"November 6th, 2014",
152,"FRIDAY, JANUARY 10, 2014",
153,None,
154,None,
155,None,
156,"SATURDAY, JULY 5, 2014",
157,None,
158,None,
159,None,
160,None,
161,None,
162,"Sunday, March 02, 2014",
163,"Sun, 16 Aug 2015 08:40:50 UTC)",
164,"Sun, 16 Aug 2015 08:53:21 UTC)",
165,None,
166,None,
167,"June 3, 2015",
168,"Tue, 09 Sep 2014 ",
169,15.08.2014,
170,None,
171,None,
172,"Apr 29th, 2014",
173,None,
174,"MAY 21, 2014",
175,12 марта в 21:49,
176,"October 2, 2014",
177,None,
178,30.08.2013,
179,Wed 03 September 2014,
180,Wed 23 July 2014,
181,19 мая в 19:09,
182,03.07.2014,
183,None,
184,07.08.2015,
185,"August 14, 2014",
186,"APRIL 22, 2014",
187,None,
188,None,
189,21 мая в 23:44,
190,None,
191,None,
192,7 мая 2014 в 15:55,
193,None,
194,None,
195,"27 марта 2014 (четверг), 19:00",
196,30.04.2015 11:50:00,
197,None,
198,Feb 13 '13 at 1:14,
199,"Jul 27, 2015",
200,04.08.2015,
201,None,
202,None,
203,"December 5, 2013",
204,"31 июля 2014 (четверг), 19:00",
205,5 января в 11:00,
206,"FEBRUARY 2, 2015",
207,None,
208,Thu 07 May 2015,
209,None,
210,12 января 2014 в 16:27,
211,None,
212,None,
213,"January 23, 2015",
214,None,
215,"Март 4, 2015",
216,"MAR 19TH, 2015",
217,Saturday 11 January 2014,
218,Tue 14 October 2014,
219,"Jul 26th, 2014",
220,"September 8, 2014",
221,11 ноября 2013 в 01:27,
222,"Thursday, June 4, 2015",
223,2015-08-15T20:46:18Z,
224,1 марта в 16:00,
225,None,
226,None,
227,"Sep 16, 2014",
228,None,
229,16.05.2014 18:14:00,
230,"NOVEMBER 8, 2014",
231,None,
232,None,
233,"June 1, 2014",
234,"July 21, 2015 01:07",
235,"Nov 19, 2013",
236,"18 May, 2014",
237,"Nov 09, 2011 at 6:00 AM",
238,12.02.2014,
239,"Dec 19, 2014",
240,None,
241,"Jul 8, 2014",
242,"JANUARY 30, 2015",
243,25 февраля 2014 в 00:31,
244,None,
245,None,
246,"Thursday, September 4, 2014",
247,"Oct 21, 2014",
248,29 августа 2014 в 09:05,
249,None,
250,None,
251,2/10/14 12:56 AM.,
252,12 – 14 сентября 2014,
253,"June 26, 2014",
254,"July 24, 2014",
255,19 марта в 11:53,
256,"May 25, 2015",
257,None,
258,"Thursday, March 13, 2014",
259,None,
260,19 мая в 09:58,
261,29.07.2015,
262,28 октября 2014 в 10:00,
263,"Feb 18th, 2015",
264,None,
265,"Jan 27th, 2015",
266,None,
267,None,
268,"2014-04-04, last modified 2014-04-09.",
269,"March 10, 2015",
270,None,
271,"23rd March, 2015",
272,None,
273,Sep 19 '08 at 6:10,
274,None,
275,18.04.2014 12:10:00,
276,None,
277,"6th January, 2014",
278,None,
279,None,
280,None,
281,"JUNE 12, 2015",
282,None,
283,None,
284,9 авг. 2014 г.,
285,"November 26, 2013",
286,"July 29, 2015",
287,None,
288,None,
289,"October 20, 2014",
290,None,
291,03 August 2015,
292,None,
293,Fri 02 January 2015,
294,None,
295,25.07.2015,
296,"February 14, 2014",
297,None,
298,None,
299,"JANUARY 18, 2015",
300,17 мая 2014 в 07:01,
301,13 января в 09:39,
302,None,
303,04 February 2015,
304,None,
305,None,
306,Wed Aug 6 18:25:16 CDT 2014,
307,None,
308,"Sun, 16 Aug 2015 08:56:11 UTC",
309,"November 8, 2013",
310,None,
311,"Friday, February 13, 2015",
312,23 декабря 2014 в 23:04,
313,"Sep 23, 2014",
314,"FEBRUARY 23, 2014",
315,None,
316,17 ДЕК. 2014 Г.,
317,22.07.2014,
318,None,
319,None,
320,16 February 2014,
321,None,
322,None,
323,None,
324,16 апреля 2014 в 01:00,
325,None,
326,None,
327,21 октября 2013 в 21:22,
328,"MONDAY, MAY 12, 2014",
329,None,
330,None,
331,13 May 2015,
332,Tue 12 August 2014,
333,26 Mar 2014,
334,None,
335,"Wednesday, November 26, 2014",
336,"April 13, 2015",
337,Wed 05 March 2014,
338,None,
339,None,
340,None,
341,None,
342,12 Dec 2013,
343,28 января в 22:23,
344,"February 24, 2015",
345,None,
346,None,
347,None,
348,None,
349,None,
350,"Sunday, January 5, 2014",
351,07.11.2013,
352,None,
353,"February 11th, 2014",
354,None,
355,"Apr 21st, 2014",
356,"Mar 30th, 2014",
357,None,
358,16 октября 2014 в 11:02,
359,11.08.2015,
360,None,
361,Thu 30 October 2014,
362,"Monday, May 19, 2014",
363,"October 13, 2014 UPDATE (January 21, 2015): ",
364,Mon 01 December 2014,
365,None,
366,None,
367,"March 17, 2015",
368,None,
369,Wednesday 29 April 2015,
370,None,
371,01.04.2015,
372,None,
373,"Tuesday, March 4, 2014",
374,None,
375,15 октября 2014 в 10:43,
376,None,
377,"November 24, 2014",
378,February 24 2014,
379,Wed 28 January 2015,
380,17 января в 12:45,
381,None,
382,None,
383,None,
384,"Tuesday, March 11, 2014",
385,None,
386,"Apr 10, 2014",
387,"December 20, 2014 December 23, 2014",
388,"Sun, 16 Aug 2015 08:35:55 UTC",
389,"July 14, 2015",
390,8 November 2014,
391,THU 21 AUGUST 2014,
392,"November 6, 2014",
393,None,
394,None,
395,None,
396,Sun Jan 26 00:38:53 CET 2014,
397,13.08.2015,
398,"Dec 10, 2013",
399,"FRIDAY, JUNE 20, 2014",
400,None,
401,None,
402,None,
403,None,
404,25 января 2014 в 00:24,
405,None,
406,None,
407,14.08.2015,
408,None,
409,Feb. 2014,
410,1 июля 2014 г.,
411,02.07.2014,
412,17 ноября 2014 в 14:11,
413,Sun 19 October 2014,
414,22.03.2015,
415,None,
416,,
417,24.07.2014,
418,28 May 2015.,
419,Fri 31 October 2014,
420,9 сентября 2014 в 16:06,
421,None,
422,None,
423,None,
424,None,
425,"August 6, 2015",
426,None,
427,13 August 2015,
428,None,
429,"FEB 24, 2015",
430,"July 27, 2015",
431,None,
432,"Dec 26th, 2014",
433,30 Oct 2013,
434,"MAY 19, 2015",
435,None,
436,None,
437,None,
438,None,
439,5 декабря 2013 г.,
440,"Nov 30, 2013",
441,9 ноября 2014 в 02:34,
442,None,
443,None,
444,"Apr. 11 2014, 08:25AM EDT",
445,Tue 14 October 2014,
446,None,
447,"Dec 1st, 2014",
448,"December 25, 2013",
449,"April 13, 2014",
450,"Aug 4, 2015",
451,"April 23, 2015",
452,None,
453,10 ноября 2014 в 16:47,
454,"Thursday, February 27, 2014",
455,None,
456,28 MARCH 2015,
457,"Aug 19, 2014",
458,"July 13, 2015",
459,"Mar 4th, 2013",
460,Monday 16 February 2015,
461,None,
462,None,
463,20.11.2014,
464,None,
465,25.12.2014,
466,None,
467,None,
468,"September 14, 2014",
469,"Oct 13, 2014",
470,"Saturday, May 03 2014",
471,2014-09-24 @ 22:47:14,
472,21 March 2014,
473,None,
474,"JULY 28, 2015",
475,"July 14, 2015",
476,"Dec 9, 2013, at 11:11am UTC",
477,03.08.2015,
478,09.05.2014,
479,07.08.2014 19:39:29,
480,"воскресенье, 12 октября 2014 г.",
481,"May 17, 2015",
482,27 марта в 11:26,
483,"April 21, 2014",
484,None,
485,Mon 24 March 2014,
486,"May 20, 2014",
487,None,
488,None,
489,None,
490,None,
491,None,
492,10.02.2014,
493,None,
494,"November 28, 2014",
495,Wed 22 October 2014,
496,"April 23, 2014",
497,09.08.2014,
498,02.10.2014 4:07:27,
499,None,
500,25 февраля в 11:59,
501,None,
502,"Monday, December 9, 2013",
503,None,
504,"May 27, 2015",
505,"February 8, 2014",
506,None,
507,"June 8, 2015 at 2:19 pm",
508,29.07.2015,
509,"August 14, 2015",
510,07.12.2014,
511," May 21, 2015 at 4:30am",
512,2015-06-24 11:56:17 +0000,
513,"February 15, 2015 at 12:10 PM",
514,None,
515,None,
516,September 11,
517,11 июня в 13:19,
518,None,
519,28 Apr 2014,
520,06.02.2014,
521,20.05.2014,
522,20.07.2014,
523,None,
524,None,
525,None,
526,None,
527,Fri May 22 06:21:19 CEST 2015,
528,23 FEB 2015,
529,"Oct 11, 2013",
530,5 августа 2014 в 13:27,
531,"Sep 20th, 2014",
532,"May 3, 2014",
533,"Thu, 09 Oct 2014 ",
534,None,
535,None,
536,October 24th 2013,
537,20 июля в 15:26,
538,None,
539,14.08.2014,
540,"JANUARY 24, 2015",
541,Mon 09 February 2015,
542,None,
543,"SEPTEMBER 4, 2014",
544,None,
545,None,
546,None,
547,None,
548,"March 24, 2014",
549,None,
550,None,
551,Tue 28 October 2014,
552,None,
553,"Friday, August 1, 2014",
554,None,
555,"Tuesday, February 3, 2015",
556,"APRIL 24, 2014",
557,"Sunday, August 24, 2014",
558,None,
559,"среда, 8 октября 2014 г.",
560,None,
561,None,
562,26 февраля в 08:23,
563,None,
564,"Dec 23, 2013",
565,12.08.2014,
566,"Nov 3rd, 2013",
567,None,
568,None,
569,21.01.2015 18:49:44,
570,None,
571,03 February 2015,
572,None,
573,"July 27, 2015",
574,"March 17, 2014",
575,11.07.2015,
576,"MONDAY, NOVEMBER 17, 2014",
577,"November 22, 2014",
578,Thu 23 April 2015,
579,None,
580,None,
581,24.10.2013,
582,19 мая 2014 в 22:48,
583,27 Feb 2015,
584,"22 ИЮЛЯ 2014, 20:10",
585,11 декабря 2013 в 11:28,
586,None,
587,27 мая 2014 в 22:03,
588,2 декабря 2013 в 15:07,
589,5 февр. 2015 г.,
590,1 декабря 2014 в 12:42,
591,2014 August 03,
592,26 декабря 2013 в 16:56,
593,"April 28th, 2014",
594,None,
595,2014-02-10T03:46:26Z,
596,None,
597,2014-11-17T15:40:16Z,
598,22 октября 2014 в 13:26,
599,Sun 24 August 2014,
600,"Friday, April 25, 2014",
601,"Tuesday, April 29, 2014",
602,None,
603,"May 20, 2015",
604,"Friday, May 1, 2015",
605,"July 14, 2015",
606,2014-09-28T01:32:37Z,
607,None,
608,"May 1, 2014",
609,23.07.2014,
610,"NOV 18, 2014",
611,"ВОСКРЕСЕНЬЕ, 4 МАЯ 2014 Г.",
612,None,
613,"JULY 26, 2014",
614,None,
615,None,
616,None,
617,15.05.2014 17:51:12,
618,None,
619,"Tue, 06 May 2014",
620,"September 01, 2014 September 01, 2014",
621,None,
622,"January 21st, 2014",
623,2015-05-04 at 04.27.09 PM Published on 2014-04-07 at 05.00.53 PM,
624,"July 26, 2015.",
625,6 января 2014 в 14:51,
626,None,
627,None,
628,"Jan 16, 2013",
629,None,
630,30.05.2014 16:53:21,
631,"Monday, August 11, 2014",
632,"Thu, 02 Oct 2014 ",
633,"January 21, 2014",
634,20 января в 20:45,
635,"2014, August 26 - 15:30",
636,17 декабря 2013 в 11:37,
637,None,
638,13 нояб. 2013 г.,
639,Wed 21 May 2014,
640,None,
641,None,
642,6 января 2015 г.,
643,None,
644,None,
645,None,
646,"Wednesday, February 12, 2014",
647,"FEBRUARY 17, 2014",
648,None,
649,15 Sep 2014,
650,12 monday jan 2015,
651,23 марта в 17:48,
652,None,
653,"September 3rd, 2014",
654,None,
655,3 сентября 2014 в 11:21,
656,8 мая 2014 в 17:06,
657,"Saturday, January 11, 2014",
658,"Март 27, 2015",
659,"August 30, 2014",
660,14 сентября 2014 в 19:09,
661,"November 20, 2013",
662,"Апрель 30, 2015",
663,None,
664,14 апреля в 11:13,
665,23 января в 09:35,
666,None,
667,None,
668,None,
669,"Thursday, February 26, 2015",
670,8 февраля в 16:01,
671,"December 2, 2014December 12, 2014",
672,None,
673,"July 09, 2014",
674,None,
675,None,
676,"June 07, 2015",
677,None,
678,None,
679,None,
680,None,
681,"FEBRUARY 17, 2015",
682,None,
683,"May 12th, 2015",
684,None,
685,None,
686,None,
687,None,
688,None,
689,None,
690,16 мая 2014 в 13:40,
691,"MONDAY, MARCH 30, 2015",
692,7 ноября 2013 в 08:47,
693,None,
694,31.01.2015,
695,"NOVEMBER 17TH, 2014",
696,None,
697,"July 9, 2011",
698,None,
699,None,
700,"October 27, 2014 23:20",
701,None,
702,"FEBRUARY 5, 2015",
703,None,
704,"Nov 15th, 2013",
705,"Thursday, 16 April 2015",
706,None,
707,"JULY 14, 2014",
708,None,
709,25 10 / 2014,
710,"Monday, September 8, 2014",
711,None,
712,,
713,None,
714,"March 13, 2015",
715,2014 July 25,
716,"Apr 27th, 2015",
717,Tue 10 March 2015,
718,20.03.2014,
719,None,
720,None,
721,None,
722,9 августа 2014 в 00:16,
723,5 февраля 2014 в 16:24,
724,Sat 08 November 2014,
725,"August 20, 2014",
726,13 марта в 11:04,
727,27.04.2014 11:09:00,
728,21 апреля в 10:57,
729,"January 18, 2014",
730,"JANUARY 7, 2015",
731,"17 Jan, 2014",
732,None,
733,"Thursday, April 24, 2014",
734,None,
735,None,
736,,
737,"August 23, 2014",
738,None,
739,13.06.2015,
740,Sa 15 März 2014,
741,None,
742,Fri 01 November 2013,
743,08.08.2015,
744,None,
745,"Tuesday, January 14, 2014",
746,16 мая 2014 в 00:00,
747,None,
748,Thu 13 March 2014,
749,"May 31st, 2014 |",
750,None,
751,02.07.2014,
752,10.08.2015,
753,,
754,4 сентября 2014 в 15:17,
755,None,
756,25 октября 2013 в 12:21,
757,"Nov 17th, 2014",
758,None,
759,None,
760,None,
761,"January 29, 2015",
762,None,
763,None,
764,"JANUARY 24, 2015",
765,31 октября 2014 в 15:09,
766,"April 14th, 2015",
767,16 февраля в 12:41,
768,None,
769,None,
770,None,
771,"суббота, 21 марта 2015 г.",
772,"August 07, 2014",
773,"March 17, 2014",
774,13 октября 2014 в 23:50,
775,"вторник, 21 октября 2014 г.",
776,"May 29, 2014",
777,None,
778,3 июня 2014 г.,
779,None,
780,26 декабря 2014 в 15:36,
781,None,
782,None,
783,None,
784,26 Aug 2014,
785,None,
786,"April 4, 2014",
787,None,
788,None,
789,December 11,
790,12 апр. 2015 г.,
791,None,
792,None,
793,None,
794,"May 04, 2014 21:27",
795,"DECEMBER 10, 2013",
796,"FRIDAY, NOVEMBER 8, 2013",
797,07 Mar 2014,
798,None,
799,None,
800,19 января 2014 в 10:29,
801,"February 1, 2014",
802,None,
803,None,
804,None,
805,"April 28, 2015",
806,"January 20th, 2015",
807,Sun 02 March 2014,
808,None,
809,"Nov 11, 2014",
810,"March 25th, 2015",
811,"FEBRUARY 21, 2015",
812,None,
813,None,
814,None,
815,02.05.2015,
816,08.09.2014 15:55:00,
817,23.01.2014 20:54:00,
818,"March 28, 2015 11:03",
819,02 Nov 2012,
820,"Апрель 1, 2015",
821,None,
822,Tue 22 October 2013,
823,None,
824,None,
825,9 декабря 2013 в 16:20,
826,None,
827,05.08.2015,
828,Sunday 8 June 2014,
829,15 ноября 2013 в 19:12,
830,None,
831,None,
832,Aug 13 2014,
833,None,
834,None,
835,"Tuesday, August 26, 2014",
836,None,
837,None,
838,None,
839,"September 19, 2014",
840,None,
841,2 апреля в 16:24,
842,None,
843,25.05.2013,
844,"WED, 2014-06-25 17:36",
845,"FEBRUARY 21, 2015",
846,21 мая 2014 в 05:34,
847,Thu 12 February 2015,
848,28 OCT 14,
849,None,
850,3 Aug 2015 10:30 AM,
851,"Jun 4th, 2014",
852,"Jan 14, 2014",
853,23 апреля в 11:01,
854,04 November 2014,
855,"July 25, 2014",
856,None,
857,None,
858,7/24/2015,
859,"November 25th, 2013",
860,"Dec 27, 2014",
861,None,
862,None,
863,18 декабря 2013 в 10:12,
864,"Dec 06, 20th July 2015",
865,,
866,15 сентября 2014 в 16:41,
867,18.08.2014,
868,27 июля 2014 в 15:43,
869,None,
870,10 апреля 2014 в 10:33,
871,"March 2, 2015",
872,"March 13th, 2014",
873,None,
874,None,
875,18:12 of 04/17/2014,
876,None,
877,24 декабря 2013 в 13:35,
878,13 марта 2014 в 13:41,
879,None,
880,Mon 28 October 2013,
881,"July 22, 2014",
882,21 октября 2013 в 20:23,
883,None,
884,None,
885,18.09.2014,
886,"Feb 2nd, 2014 |",
887,30.11.2015,
888,None,
889,05.01.2015,
890,None,
891,07.05.2015 13:58:40,
892,None,
893,"Aug 12, 2014.",
894,10 марта 2014 в 11:32,
895,None,
896,"Friday, May 01, 2015",
897,"Wednesday, 25 February 2015",
898,06 Jun 2015,
899,"Sunday, April 20, 2014",
900,"Wednesday, 25 February 2015",
901,None,
902,None,
903,31.07.2015,
904,None,
905,"May 7, 2015",
906,"Tuesday, December 2, 2014",
907,19 августа 2014 в 10:36,
908,"December 17th, 2013",
909,None,
910,None,
911,None,
912,"May 26, 2014",
913,26.01.2015,
914,None,
915,"Wednesday, December 10, 2014",
916,"May 20th, 2015",
917,10 November 2014,
918,None,
919,None,
920,12 марта 2015 г. 19:42 (ред. 12 марта 2015 г. 20:14),
921,"Aug. 9, 2014, 10:50 a.m.",
922,None,
923,"Nov 4, 2013",
924,None,
925,21 июля 2014 в 19:33,
926,"On 9 Jan, 2014",
927,"May 26, 2015",
928,None,
929,18 октября 2014 в 05:40,
930,08.07.2015,
931,"Nov 3, 2013",
932,None,
933,None,
934,None,
935,"March 25, 2014",
936,None,
937,None,
938,None,
939,18 апреля 2014 в 12:42,
940,None,
941,None,
942,"May 7, 2014",
943,None,
944,"December 23, 2013",
945,"Wednesday, June 10, 2015",
946,"November 3, 2013",
947,04 Feb 2015,
948,None,
949,None,
950,"January 17, 2015",
951,"MAY 17, 2015",
952,None,
953,10 апреля 2014 в 16:46,
954,None,
955,Apr 20 2015 - 12:27,
956,None,
957,None,
958,"Thursday, November 20, 2014",
959,None,
960,None,
961,"September 17, 2014",
962,None,
963,"WEDNESDAY, NOVEMBER 5, 2014",
964,None,
965,None,
966,None,
967,None,
968,"15 Feb, 2014",
969,28.06.2014,
970,"Tuesday, January 7, 2014",
971,"Dec 10th, 2014",
972,"15 Feb, 2014",
973,None,
974,"Thursday, February 27, 2014",
975,29 октября 2013 в 03:34,
976,Tuesday 02 June 2015,
977,"April 26, 2014",
978,None,
979,"AUGUST 6, 2014",
980,None,
981,"January 5, 2015",
982,02 5 / 2015,
983,None,
984,None,
985,"August 2, 2015",
986,"Nov 24th, 2014",
987,"February 27, 2014",
988,"February 15, 2013",
989,"July 14, 2014 12:37",
990,"Thu, 13 Feb 2014",
991,Mon 19 May 2014,
992,"November 18, 2013",
993,"THURSDAY, MARCH 26, 2015",
994,"October 24, 2013",
995,"4 noviembre, 2014",
996,08.08.2015,
997,10.08.2014,
998,Thu 23 October 2014,
999,"ПОНЕДЕЛЬНИК, 16 ФЕВРАЛЯ 2015 Г.",
1000,,
